pk_numero	data	numero	rubrica_all	note_fuori_rubrica	notizie_fatti_storici	note	note_varie
1	1946-01-02	1	No				
2	1946-01-03	2	No	"Bibliografia: Piero Bianconi (p.2), ne ""La Pagina della scuola"""	ripresa processo Norimberga		
3	1946-01-04	3	Sì	"Nei cinema: ""Il grande dittatore"" al Kursaal"			
4	1946-01-05	4	No	Vita e cultura italiane (!!p.2); programmi della RSI (relazioni artistiche con IT	 p. 3)	primo rapporto del CF sulle mene nazi-fasciste in CH	
5	1946-01-07	5	No				
6	1946-01-08	6	no	Asterischi italiani (stampa IT	 giornalismo	 satira..)	
7	1946-01-09	7	no	Attività culturale del PS italiano: l'istituto di studi	L'URSS possiede una superbomba atomica		
8	1946-01-10	8	no	"Premio letterario ""Ghilda del Libro"" (p.2). Bibliografia: ""Storia contemporanea"" di Emilio Bontà, ne ""La Pagina della scuola"" (p.2)"			
9	1946-01-11	9	sì	"L'Italia rinascente: ""Il Ponte"" (rivista) (p.2). Pubblicazioni illustrazione ticinese (p.3)"	iniziata conferenza dell'UNO		
10	1946-01-12	10	no	"La censura, ne ""La pagina dell'emigrazione italiana"" (p. 2)"			
11	1946-01-14	11	no	"Nenni e Silone a Londra, in ""Notizie dall'Italia"" (p.2)"			
12	1946-01-15	12	no	"La recita della compagnia Elisa Merlini. Ai confini de ""La piccola città"" (p. 3)"			
13	1946-01-16	13	no	"Largo Sfondao, libro di Arnoldo Lorini (p. 2); poeta Diego Valeri in Ticino e in Svizzera (p. 3). Le recite di Elisa Merlini (""Vestire ignudi"" di Pirandello + ""Orchidea"" di Sem Benelli, p. 3)"			
14	1946-01-17	14	no	Le ultime recite della compagnia Elsa Merlini (p.3)			
15	1946-01-18	15	Sì	"La stampa riprende a Berlino (p. 1). La Dante Alighieri in ""Notizie dall'Italia"" (p.2). Una lettera del compagno Tonello (Angelo) (p. 2). Nenni e Silone a Londra significano una svolta nel PSI (p. 4)"			
16	1946-01-19	16	no	Grande serata musico-letteraria in margine al congresso giovanile socialista (p. 2)	 con ospiti Eros Bellinelli	 Tino Erler	 Sergio Maspoli;  Pietro e Vinicio Salati
17	1946-01-21	17	no	Opere entrate recentemente nella Biblioteca cantonale di Lugano (p.2); Conferenza Diego Valeri a Chiasso (p.3)			
18	1946-01-22	18	no	Conferenza Valeri a Mendrisio (p.3)	 Al circolo di cultura di Locarno (programma	 p. 3)	 Donazioni alla biblioteca cantonale nel 1945 (p.3) 
19	1946-01-23	19	no	Conferenza Valeri a Chiasso e Biasca (p.3). Lugano e dintorni: una serata popolare di musica e letteratura (p.3). La morte di un celebre linguista	 Matteo Bartoli (p.4)		
20	1946-01-24	20	no	"riporta articolo ""Himmler e Satana"", dialogo immaginato e pubblicato sul Forward, settimanale socialista inglese con toni sarcastici e satirici (p.2); Lugano e dintorni: il programma della serata musico-letteraria (p3)"			
21	1946-01-25	21	si	"""Il prezzo dei giornali"" (p.1); Lugano e dintorni: la serata musico-letteraria alla Casa d'Italia (p.3) ; Teatro veneziano (p.3)"			
22	1946-01-26	22	no	"Perché una serata musico-letteraria? in ""Gioventù Socialista. All'avanguardia del proletariato"" (p.3)"			
23	1946-01-28	23	no	"La censura, ne ""La pagina dell'emigrazione italiana"" (p. 2), Chiasso: Il circolo di cultura (p.2). Lugano e dintorni: La serata artistica in margine al Congresso giovanile socialista (p.3); pubblicità ""Il Piccolo. Settimanale d'informazioni e di letteratura varia"" (p3)"			
24	1945-01-29	24	no	Onoranze a Benedetto Croce (p.3). Nella nostra libreria (pubblicazioni in vendita	 p4)		
25	1946-01-30	25	no	"Victor Hugo e la navigazione aerea (p1); in ""Asteristichi italiani"" (p1)  su parole proibite durante il regime che stanno ora ritornando sui giornali IT. Nella nostra libreria (pubb in vendita, p4)"			
26	1946-01-31	26	no				
27	1946-02-01	27	no	Parisiana. La grande stampa quotidiana della Ville-Lumière (p1)			
28	1946-01-02	28	no	Conferenza Valeri a Ginevra (p2)			
29	1946-02-04	29	no	La serata musico-letteraria (p3); Conferenza Valeri sulla letteratura veneziana al Circolo ticinese di coltura (p3); morte di Philips Oppenhein (p4)			
30	1946-02-05	30	no	"Riempitivo su Renato Fucini (p2) ; pubblicità ""Nella nostra libreria"" (p4)"			
31	1946-02-06	31	no	"Riempitivo su Voltaire; riempitivo ""ONU O UNO?"" (p2); Lo scrittore Elio Vittorini alla Ghilda del Libro (p3)"			
32	1946-02-07	32	no	"Il brutale assassinio di Koj Munk, poeta danese (p1); Lectura Dantis Francesco Chiesa a Mendrisio (p2); Dante Bertolini, Il bel sentiero, in ""Bibliografia"" (P2); Il romanziere Vittorini alla Ghilda del Libro (p3)"			
33	1946-02-08	33	si				
34	1946-02-09	34	no	i programmi della RSI (p2); conferenza di Giuseppe De logu a Sciaffusa (p4)	"Inglesi vogliono facilitare entrata paesi neutri (anche CH) nell'ONU (""blocco antisovietico che si inizia a costituire apertamente"") (p1)"		
35	1946-02-11	35	no	Cronache di cultura italiana	 visita di Elio Vittorini (p2); Elogio del lavoro italiano (3 colonna su artisti	 p2); Conferenza di Elio Vittorini alla Ghilda del Libro (p3)	 Le recite della compagnia Tabody al Kursaal (p3)
36	1946-02-12	36	no				
37	1946-02-13	37	no	Conferenza Pierre Briquet a Chiasso	 sullo scrittore Pierre Loti (p3); Recite Maieroni a Mendrisio (p3)		
38	1946-02-14	38	no	"Conferenza De Logu a Biasca sul tema ""Il comune repubblicano di Firenze"" (p3)"			
39	1946-02-15	39	si	Conferenza De Logu a Lugano sulle arti figurative a Venezia (p4)	Pubblicazione numeri ebrei sterminati dai nazi (processo di Norimberga	 p1)	
40	1946-02-16	40	no	"Una serie di nomine all'Accademia francese (p1); Retroscena del grande giornalismo. Vita e miracoli del vetusto 'Figaro' (""Parisiana"") (p1-2); Conferenza De Logu a Biasca ""Il comune rep di Firenze"" (2); I programmi della RSI (p3)"			
41	1946-02-18	41	no	Conferenza Valeri a San Gallo (p2); Conferenza DeLogu a Sciaffusa (p2); Concorso romanzi d'appendice (p3)	 seconda conferenza De Logu a Lugano (p3); Commemorazione di Paul Verlaine (p4)		
42	1946-02-19	42	no	"Ottant'anni di  Benedetto Croce, in ""Quel che scrivono gli altri"" (p2); Conferenza Delogu a Locarno (p3)"			
43	1946-02-20	43	no	Morte di Jvan Moskowin (attore russo	 p1); Le recite della compagnia Tabody (p3)	 Pubbliaczioni in vendita (p3); La morte di Carlo Falbo (p4)	
44	1946-02-21	44	no	"L'Istituto di Cultura di Losanna (p2), Flussi e riflussi ne ""La pagina della scuola"" (p2)"			
45	1946-02-22	45	sì	Manifestazioni cinematografiche culturali di propaganda operaia (p3); Domani supplemento letterario dedicato ai Giovani Poeti Ticinesi (p2)			
46	1946-02-23	46	no MA GPT	Nella biblioteca nazionale (dimissioni direttore	 p2); PAGINA 4 GIOVANI POETI TICINESI		
47	1946-02-25	47	no	"Il dir. del ""Forward"" eletto trionfalmente nonostante i malefizi (di Bernard Shaw, corrispondenza speciale; p2). Teatro prima rappresentazione ""la luce splende nelle tenebre"" di Leone Tolstoi (p3)"			
48	1946-02-26	48	no	lista Opere entrate recentemente nella Biblioteca Cantonale di Lugano (4)	L'USS aderisce alla Federazione sindacale mondiale (2)		
49	1946-02-27	49	no	onoranze a Benedetto Croce (p2)			
50	1946-02-28	50	no				
51	1946-03-01	51	si	"""Nella nostra libreria"" lista pubblicazioni (p4)"			
52	1946-03-02	52	no				
53	1946-03-04	53	no	"Biblio cantonale riprende orario normale (p3); recita""La prigioniera"" di Bourdet al Kursaal"			
54	1946-03-05	54	no	"Pareri italiani su film svizzero ""Ultima speranza"" (p2); allocuzione ""Cavalieri dell'ideale socialista"" di Attilio Petralli (p2); Pubblicazioni in vendita (p4)"			
55	1946-03-06	55	no	"Conferenz Job alla Dante di ZH (3), mostra Gonzato a Friborgo (3), concerto alla ""Letteraria"" (3), Elenco vincitori premio letterario del ""Corriere Lombardo"" (3)"			
56	1946-03-07	56	no	Ugo Enrico Paoli nel canton Ticino (p3)			
57	1946-03-08	57	si	"giornali in IT, clima stampa più libero (quotidiani antifascisti, dalla Francia…) in ""Asterischi italiani"" (p2); Conferenza a Chiasso ""Poeti senza lauro all'ombra della dittatura"" (3); Conferenza Nocher a Lugano ""Grandezza e schiavitù della stampa della liberazione"" (3)"			
58	1946-03-09	58	no	"""All'osteria di Trilussa"" (sulle sue poesie) di Guglielmo Usellini (p1); conferenze Ugo Enrrico Paoli (p2), Alberto Moravia vince il premio 'corriere lombardo' (p3), ""Nella nostra Libreria"" (p4)"			
59	1946-03-11	59	no	La conferenza Jean Nocher a Lugano (p3); poeta Sergio Maspoli all'ECCO  (p3)			
60	1946-03-12	60	no	"Fata primavera, Eva proletaria 1946 (in ""Parisiana"", p1); articolo sul Risorgimento che menziona Leopardi, Foscolo (p2); il novantesimo compleanno di B Shaw (p2); Sergio Maspoli all'ECCO (3)"			
61	1946-03-13	61	no	Letture di Sergio Maspoli a Lugano (3)			
62	1946-03-14	62	no				
63	1946-03-15	63	si	"Premio letterario ""Libera Stampa"" (p1), Pubblicazioni in vendita (p4)"	discorso di Stalin in risposta a Churchill	 crisi/tensione URSS-GB	
64	1946-03-16	64	no				
65	1946-03-18	65	no	compagnia italiana di prosa Laura Carli e Giulio Stival al Kursaal (3); conferenza Paoli a Lugano (3)	75esimo anniversario Commune parigina		
66	1946-03-19			SAN GIUSEPPE	 NO GIORNALE		
67	1946-03-20	66	no	serata ricreativa con Sergio Maspoli a Chiasso (3)	 conferenza Paoli al circolo di cultura Biasca (3)		
68	1946-03-21	67	no	"""Profumo d'orti"" in Flussi e Riflussi (2); Pierre Goemaere conferenza a Lugano (3)"	Ripresa relazioni diplomatiche CH-Russia (1)		
69	1946-03-22	68	si				
70	1946-03-23	69	no	"AVVISO sulla ""Pagina dell'emigrazione IT"" (sollecita a inviare contributi, p2)"			
71	1946-03-25	70	no	compagnia Carli-Stivali al Kursaal (3)			
72	1946-03-26	71	no	"parole ""sciuscià"" e ""segnorine"" in Asterischi italiani (2); caricaturisti inglesi come prova della libertà di stampa (2), Libri per i paesi devastati (2)"	sollievo per decisione russa di sgomberare l'Iran (4)		
73	1946-03-27	72	no	Istituti italiani di cultura	 legazione italiana a Berna e relativi consolati (2); serie di reciti Carli-Stivali prolungata (3); conferenza Setti su liriche 1200-300 al circolo di cultura di Lugano (3) 		
74	1946-03-28	73	no	recite della compagnia Bonecchi a Mendrisio (2)	 prima mostra di artisti (scultori	 pittori) svizzero-italiani nei Grigioni (2)	
75	1946-03-29	74	no	"""La metropoli ferita"" in Flussi e Riflussi (2); un libro bianco svedese sulla Norvegia (4)"			
76	1945-03-30	75	no	rappresentazione compagnia Bonecchi (2)	"""La pace che non viene"" (1)"		
77	1946-04-01	76	no	"Ricordo di Federico Garcia Lorca (poesia ""La limpida morte"", p2)"			
78	1946-04-02	77	no	Conferenza Piero Bianconi a Mendrisio (p3)			
79	1946-04-03	78	no				
80	1946-04-04	79	no	"Ne ""La pagina della scuola"" si spinge per una scuola superiore (univeristà troppo) nella CH italiana (p2)"			
81	1946-04-05	80	si	"Mostra d'arte alla Ghilda del Libro (3); Conferenza Nobile Ventura (""poeti senza lauro.."", p3)"			
82	1946-04-06	81	no	Conferenza Nino Salvaneschi a Bellinzona (2); circolo italiano a Locarno sull'apertura della biblio (2); Maurice Chevalier a Lugano (2)	 incisori romandi alla Ghilda del Libro (2)		
83	1946-04-08	82	no	Conferenza Nobile Ventura a Lugano (3)	 mostra d'incisioni alla Ghilda (3)		
84	1946-04-09	83	no	Compagnia Bonecchi a Chiasso (3)	 scrittore Henri de Ziegler in TI (3)	 Conferenza Nobile Ventura (3); arrestato l'assassino dello scrittore Kai Munk (4)	Milano è socialista (elezioni) (1)
85	1946-04-10	84	no				
86	1946-04-11	85	no	Conferenza Ventura alla Ghilda (recap 	 p4)		
87	1946-04-12	86	si	"Civitas nova (uni in CH ita, p1); ""In casa di Formenti"" (episodio di guerra dal giornale ""Socialismo"", p2,), conferenza Nobile Ventura a Mendrisio (3), conferenza de Ziegler a Locarno (3), mosta d'incisioni del gruppo romando ""tailles et morsures"" (3)"			
88	1946-04-13	87	no	compagnia Bonecchi a Chiasso e Mendrisio (2)	 Chevalier a Lugano (2)	 espo arte Zaccheo e Chepard a Locarno (2)	 mosta Lomazzi a Lugano (2);  corsi ITA alla Dante Alighieri di Basilea (2)
89	1946-04-15	88	no	Salvatore Quasimodo lascia il PC (2)			
90	1946-04-16	89	no	smentita dimissioni Quasimodo dal PC (2)	 rappresentazioni Bonecchi (3)	PAG 3 inferiore INCOMPLETA; ripresa attività Ku Klux Klan negli USA; ad Auschwitz massacrate 3 mio pp (processo Norimberga	 p4)
91	1946-04-17	90	no				
92	1946-04-18	91	no	chiusura Biblioteca cantonale di Lugano (p3)			
93	1946-04-19	92	no	Colloquio Lasky-Croce (p3)			
94	1946-04-20	93	si	"""SUPPLEMENTO"" (rubrica su tutta la p3!)"			
95	1946-04-23	94	no	"un coraggioso discorso di Lasky (1); ""A Saturnino Ruiz operaio tipografo"" di Manuel Altolaguirre (POESIA, p2)"	PAG 3 inferiore INCOMPLETA		
96	1946-04-24	95	no	mostra pittrice Guidini a Lugano (3); edizioni svizzere per la gioventù (4)			
97	1946-04-25	96	no	morto il pittore ticinese G.B. Corty (3)			
98	1946-04-26	97	no	conferenza Nino Salvaneschi a Locarno (3)	 poesie inedite di Delio Tessa (p3)		
99	1946-04-27	98	no	conferenza Nino Salvaneschi a Chiasso (2)	 conferenza su Manzoni a Lugano (2)	 corsi di italiano alla Dante Alighieri di Basilea (2)	
100	1946-04-29	99	no	lettura poesie di Delio Tessa a Lugano (2)	 dottorato honoris causa in lettere a P. Perret a Losanna (3)		
101	1946-04-30	100	no	conferenza Salvaneschi a Mendrisio (3); annuncio premio letterario Libera Stampa (4)			
102	1946-05-01	101-102	si (special: L'ARTE DÀ E CREA	 CON LA POLITICA	 LA COSCIENZA DEI POPOLI)	"poesia Vladimir Maiakovski (1); azione socialista e preparazione culturale (8), poesia W. Leonhard ""Liebknecht morto"" (11)"	
103	1945-05-03	103	si				
104	1946-05-04	104	no		Socialismo e comunismo in Francia	 Tensione in Alto Adige	
105	1946-05-06	105	no				
106	1946-05-07	106	no	Nella nostra libreria (p4)			
107	1946-05-08	107	no	L'arte di Georges Darel al Kunsthaus di Zurigo (2)	"""Ad un anno di distanza. Necessità di una pace socialista"" e similmente ""Dopo l'otto Maggio 1945. Desideri e realtà entro l'anno"" (1); Ferruccio Parri (partigiano) a Lugano (3)"		
108	1946-05-09	108	no	"12 maggio festa della mamma: poesia ""Viva la Mam!"" in una pubblicità (p4)"			
109	1946-05-10	109	si				
110	1946-05-11	110	no	eposizione del libro svizzero (e assenza del TI; p2); compagnia Bonecchi a Faido (2)	 Conferenza Salvaneschi a Bellinzona (2); alla Dante Alighieri di Basilea conferenza informativa su situa culturale in IT (2)	gio 10 maggio re Vittorio EmanueleIII  ha abdicato	
111	1946-05-13	111	no	conferenza Fiocco su pittore Luini a Chiasso e Lugano (p3)	 Hitchock a Londra (p4)	 artisti che non si fanno onore (p4)	Congresso PS (tra cui situa Libera Stampa p1)
112	1946-05-14	112	no	Concerto Cortot al Kursaal (3)	 conferenza Fiocco su Luini a Lugano (p3)	 annuncio premio letterario Libera Stampa (p4)	
113	1946-05-15	113	no				
114	1946-05-16	114	no	Conferenza Fiocco su Luini a Lugano (p3)			
115	1946-05-17	115	si	Conferenza su Luini nel locarnese (3)	Amarezza nella stampa IT su revisione trattato armistizio IT (1)		
116	1946-05-18	116	no	"""La nuova stampa italiana"", esposizione giornali/riviste IT (2); Conferenza su Luini a Biasca (3), "			
117	1946-05-20	117	no				
118	1946-05-21	118	no	donazioni Libri agli internati (2)			
119	1946-05-22	119	no	DI vernacolo e di latino (intervento Canevascini	 p1)	 trattenimento musico-letterario a Mendrisio sulla musica italiana '800 (p3)	 commemorazione del poeta Bertacchi alla casa d'Italia di Lugano (p3)
120	1946-05-23	120	no	morte del pianista svizzero Emilio Frey (2)	i sovietici sgomberano totalmente l'Iran (p1)		
121	1946-05-24	121	si	trattenimento musico-letterario (musica vocale IT '800) a Mendrisio (3)			
122	1946-05-25	122	no	"conferenza Setti sui poeti maggiori a Biasca (2); numero speciale di ""Sibemol"" dedicato alle donne (2), esposizione stampe italiane (p3)"			
123	1946-05-27	123	no	Francesco Flora sul poeta Giovanni Bertacchi a Lugano (4)	 morte di Guggenheim (4)		
124	1946-05-28	124	no	commomorazione Bertacchi (3)	 opere entrate recentemente nella biblio cantonale (4)	Vittoria comunista in Cecoslovacchia (1)	
125	1946-05-29	125	no	commemorazione Bertacchi (3)			
126	1946-05-31	126	si	Bertacchi commemorato alla casa d'Italia (3)			
127	1946-06-01	127	no		"""L'Europa sceglie"" (p1, pre elezioni IT e FR)"		
128	1946-06-03	128	no		congresso  dei neri USA  VS oppressione (p1)		
129	1946-06-04	129	no	Bernard Shaw e Montgomery (1)	 premio di scultura a Luigi Brogini (3)	Risultati elezioni FR (vittoria repubblicani	 p1)
130	1946-06-05	130	no		risultati elezioni IT (DC e sx	 p1)	
131	1946-06-06	131	no		"elezioni in IT, approfondimento e primo commento (1); ""necessità d'intesa fra Oriente e Occidente"" (1)"		
132	1946-06-07	132	si	"autore Paolo Liggeri a Lugano per presentare ""Triangolo Rosso"" (3)"			
133	1946-06-08	133	no				
134	1946-06-11	134	no		"""Avremo il suffragio femminile?"" (p1); risultati definitivi del referendum IT (p4)"		
135	1946-06-12	135	no	Morte del poeta tedesco Gerhard Haputmann (4)			
136	1946-06-13	136	no				
137	1946-06-14	137	no	Supplemento letterario (rubrica ALS nel prossimo numero	 il 138; p1)		
138	1946-06-15	138	si	restitutzione libri in biblioteca cantonale per la revisione annuale (2)	Moto rivoluzionario scoppia in Bolivia a La Paz (p1)		
139	1946-06-17	139	no	concorso fra poeti e musicisti IT per l'inno della nuova repubblica IT (2); premio letterario Kornmann a Edoardo Chapuisat (p3); mostra d'arte alle Ghilda del Libro (3)			
140	1946-06-18	140	no		"""Ebrei in sommossa nella Palestina"" (4)"		
141	1946-06-19	141	no	mostra d'arte alla Ghilda del Libro (3)			
142	1946-06-21	142	si	mostra del libro svizzero a Buenos Aires (1)			
143	1946-06-22	143	no	Antonio Greppi a Ginevra (2)			
144	1946-06-24	144	no		La Lega londinese per la difesa del cane propone di sostituire gli animali con i criminali di guerra nazi per esperimenti atomica Bikini (4)		
145	1946-06-25	145	no	premio letterario Théophraste Renaudot attribuito a David Rousset; premio Goncourt a Francis Ambrière (4)			
146	1946-06-26	146	no				
147	1946-06-27	147	no		Questione colonie italiane (1)		
148	1946-06-28	148	no		propongono la duplice sovranità su Trieste (1	 altro a p3)	
149	1946-06-29				NUMERO ASSENTE IN DIGITALE		
150	1946-07-02	150	no	"""Date dei libri"" (appello a donazioni per biblioteche/centri istruz IT, p4)"	bomba atomica su Bikini (1)		
151	1946-07-03	151	no		questione Trieste (1)		
152	1946-07-04	152	no	"""Ghilda del libro Gutenberg contro 'Volksbuchgemeinde'"" (2)"			
153	1946-07-05	153	si	"""Date dei libri"" (appello a donazioni per biblioteche/centri istruz IT, p2)"			
154	1946-07-06	154	no		scioglimento dei CNL in Italia (3)		
155	1946-07-08	155	no	poesia di Giuseppe Scorti nella pag della Gioventù Socialista (2)			
156	1946-07-09	156	no	"racconto ""Ricordi di un viaggio"" di E.A. nella pag ""La nostra compagna"" (2)"	"""Il dramma della Palestina"" (1)"		
157	1946-07-10	157	no	epurazione nelle biblioteche in Germania (4)	 dichiarazione di B. Croce sulla situa in IT (4)		
158	1946-07-11	158	no	"settimana internaz di cultura a Locarno, tema ""Gli scrittori della resistenza in Francia ed in Italia"" (3)"	continuano scioperi a Trieste (2)		
159	1946-07-12	159	si				
160	1946-07-13	160	no	"settimana internaz di cultura a Locarno, tema ""Gli scrittori della resistenza in Francia ed in Italia"" (2)"			
161	1946-07-15	161	no	"""umanità e socialismo del Bertacchi"" (1)"			
162	1946-07-16	162	no				
163	1946-07-17	163	no	307 anni dalla morte di Tommaso Campanella (1-2)			
164	1946-07-18	164	no	scrittori parigini a Locano (2)	odissea italiana: i prigioneir ritornano (1)		
165	1946-07-19	165	no				
166	1946-07-20	166	no				
167	1946-07-22	167	no				
168	1946-07-23	168	no	"Due parole con il lettore: parliamo troppo dell'Italia? (p1); Un museo dei poeti a Liestal (2); libro ""Storia di un matrimonio felice"" di Margaret Cole (3)"			
169	1946-07-24	169	no	"su Dino Segre (=Pitigrilli) in ""Quel che scrivono gli altri"" (2); ""un anniversario ammonitore"" in ""qualche cosa"" (rubrica x poesia?? P3)"			
170	1946-07-25	170	no		Controrivoluzione in Bolivia (1); Tre anni fa (caduta del fascismo	 p3)	
171	1946-07-26	171	si		"a Bikini scoppia la 5° atomica (""L'umanità non potrebbe sopravvivere ad una guerra atomica"")"		
172	1946-07-27	172	no	articolo di Silone sulle difficoltà della democrazia in IT (2)			
173	1946-07-29	173	no	"Film ""Il battello dipinto"" (1)"			
174	1946-07-30	174	no		battaglie stradali a Trieste (foto	 p1)	
175	1946-07-31	175	no				
176	1946-08-02	176	si	"concorso per nuovo titolo del settimanale cinematografico ""Piccolo"" (3), nuovo direttore del ""Popolo"" IT (4)"			
177	1946-08-03	177	no				
178	1946-08-05	178	no	articolo su George Bernard Shaw	 di Giuseppe Sinicco (p2)		
179	1946-08-06	179	no	annuncio premio letterario LS (p4)			
180	1946-08-07	180	no	mostra d'arte alla Ghilda a Lugano (p3)			
181	1946-08-08	181	no	scrittrice Gabriella Neri assassinata (p2); premio letterario LS (p3)	"""L'Europa diventa piccola"" (voli aerei, p1); Sul riavvicinamento culturale russo-svizzero (p1)"		
182	1946-08-09	182	no	"morte scrittrice Gertrude Stein (p1); ""un grande poeta ticinese"" (p3, canzonatura ma senza fare nomi… Zoppi?)"			
183	1946-08-10	183	no		"""Gli arabi confidano nell'URSS. La Palestina miglior banco di prova per la politica sovietica"" (p3)"		
184	1946-08-12	184	no	"annuncio pubb ""le memorie di un calzolaio"" di Sinicco (p1), Memorie di un calzolaio (p3)-->v. foto archivi del 2 marzo!!; Bendetto Croce sulla fondazione uni Civitas Nuova a Lugano (p3), inaugurazione mostra d'arte alle Ghilda (p3)"			
185	1946-08-13	185	no	Memorie di un calzolaio II (p3)			
186	1946-08-14	186	no	Memorie di un calzolaio III (p3)			
187	1946-08-16	187	no	"libro ""La Svizzera"" di Egidio Reale (p1); H. G. Wells è morto (p2); ""Sole e ombr"" in Flussi e Riflussi (p2); Memorie di un calzolaio IV (p3)"			
188	1946-08-17	188	no	Memorie di un calzolaio V (p2); A Saba e micheli il premio Viareggio (p4)			
189	1946-08-18	189	no				
190	1946-08-20	190	no		"""Il terrore minaccia la Palestina"" (ebrei VS britannici, p1)"		
191	1946-08-21	191	no	Memorie di un calzolaio VI (p3)			
192	1946-08-22	192	no	"""Al mio amico Bracops"" in Flussi e Riflussi (p2); Memorie di un calzolaio VII (p3); mostra del libro americano (p3)"			
193	1946-08-23	193	si	Intervista con Silone (p2-3?)			
194	1946-08-24	194	no				
195	1946-08-26	195	no	"""Kaputt"" p.2 (?) e ""Il paese"" p.3 (meh?); Memorie di un calzolaio VIII (p3)"			
196	1946-08-27	196	no	"""Selenio"" di Ugo Frey (p2); Memorie di un calzolaio IX (p3)"			
197	1946-08-28	197	no	Memorie di un calzolaio X (p3)			
198	1946-08-29	198	no	George Bernard Shaw e Herbert George Wells (pp.1-2); Il tragico romanzo di Lassalle dopo 82 anni (p1)	 mostra arte alla Ghilda (p3)		
199	1946-08-30	199	si	Memorie di un calzolaio XI (3)	 serata ricreativa pro biblioteca popolare (3)	 scambi culturali (3)	
200	1946-08-31	200	no	serata ricreativa pro biblioteca popolare (2)			
201	1946-09-02	201	no		"""Anche l'inutile processo di Norimberga è finito"" (1)"		
202	1946-09-03	202	no		Rastrellamento a Trieste (4)		
203	1946-09-04	203	no	"esposizione del libro inglese a Berna (2); Memorie di un calzolaio XII (p3); ""Anche Lugano deve avere la sua vita culturale"" (3)"			
204	1946-09-05	204	no	"""La Svizzera"" di Egidio Reale, edizione Ghilda del libro (p2); ""Solitudine settembrina"" in Flussi e Riflussi (2)"			
205	1946-09-06	205	si				
206	1946-09-07	206	no	Anche Piero Parini è libero (giornalista/editore  fascio	 p1); mostra di artisti varesotti alla Ghilda a Lugano (2)		
207	1946-09-09	207	no	Inaugurazione mostra alla Ghilda (p3)			
208	1946-09-10	208	no				
209	1946-09-11	209	no	Memorie di un calzolaio XIII (p3); dono dello scrittore Edmond Jaloux alla biblioteca di Losanna (collezione di testi letterari	 p4)	"""Attlee ritiene solubile il problema palestinese"" (4)"	
210	1946-09-12	210	no				
211	1946-09-13	211	si	Memorie di un calzolaio XIV (p3); Corsi d'inglese alla Ghilda (p3)			
212	1946-09-14	212	no				
213	1946-09-16	213	no	"""Rispostine"" in rubrica Qualche cosa su Zoppi e altre considerazioni letterarie da parte dei lettori (p2); Memorie di un calzolaio XV (p3)"	"""Il discorso Wallace fa rumore"" = CLIMA USA nei confronti URSS tra discorsi e posizioni contrastanti in merito all' ""espansionismo russo"" (1)"		
214	1946-09-17	214	no	"trafiletto ""Per evitare incidenti"",su via ""Ludovico Ariosto"" (p3); Memorie di un calzolaio XVII (p3)"			
215	1946-09-18	215	no				
216	1946-09-19	216	no	Memorie di un calzolaio XVII (p3)			
217	1946-09-20	217	si	trafiletto su attore Macario in Quel che scrivono gli altri (p2)			
218	1946-09-21	218	no				
219	1946-09-23	219	no	vasta epurazione tra gli scrittori (p1)			
220	1946-09-24	220	no	biblioteche circolanti (p2)	 Memorie di un calzolaio XVIII (p3); visita di Luigi Antonini a Lugano (p3)		
221	1946-09-25	221	no	Letteratura comunista (p1); Giornali svizzeri proibiti in Romania (p2); libro di Saponaro su Mazzini (p2)			
222	1946-09-26	222	no				
223	1946-09-27	223	no	Memorie di un calzolaio XIX (p2)			
224	1946-09-28	224	si				
225	1946-09-30	225	no	salon romand du livre a Neauchâtel (con premio assegnato	 p4)		
226	1946-10-01	226	no				
227	1946-10-02	227	no		Lettura del verdetto Norimberga (1 e 4)		
228	1946-10-03	228	no	"""La vera povertà"" in Flussi e Riflussi (p2)"			
229	1946-10-04	229	si	"""Lettere veneziane"" (1-2)"			
230	1946-10-05	230	si				
231	1946-10-07	231	no	"""Lettere veneziane II: Tintoretto alla scuola di San Rocco"" (2)"			
232	1946-10-08	232	no				
233	1946-10-09	233	no	Mostra del pittore Corty alla Ghilda (3)	Armistizio nell'Iran (1)		
234	1946-10-10	234	no				
235	1946-10-11	235	si		"""Il problema di Trieste visto da tirestini"" (2)"		
236	1946-10-12	236	no	poeta Sergio Maspoli alla RSI (2); pag 3 tutta sulla Fiera Svizzera di Lugano (con articolo su Quadri/statue)			
237	1946-10-14	237	no	"dizione di poesia al circolo di cultura di Chiasso (p3); ""Memorie di un calzolaio XX"" (p3), mostra Corty alla Ghilda (p3), "			
238	1946-10-15	238	no	dizione di poesia moderna e contemporanea a Bellinzona (p2)	 Memorie di un calzolaio XXI (p3)		
239	1946-10-16	239	no				
240	1946-10-17	240	no		Göring suicidato con il cianuro (1)		
241	1946-10-18	241	si	dizione di poesia a Biasca (p3)			
242	1946-10-19	242	no				
243	1946-10-21	243	no				
244	1946-10-22	244	no	dizioni al circolo di cultura (p3)		"""Perché il diritto di voto alle donne ticinesi?"" (p2)"	
245	1946-10-23	245	no	"""I cent'anni di DE AMICIS"" (P1)"			
246	1946-10-24	246	no	trasmissioni musico-letterarie per i docenti (p3)			
247	1946-10-25	247	si	Churchill denuncia lo scrittore americano Louis Adamic (p1); serata dizioni poesie ad Airolo (3); premio Stendhal a Jean Dutourd (p4)			
248	1946-10-26	248	no				
249	1946-10-28	249	no				
250	1946-10-29	250	no	"""Libri per la Germania"" (p2), Memorie di un calzolaio XXII (p2)"			
251	1946-10-30	251	no	"""Nella nosta libreria"" (p3)"	Stalin per l'unità della Germania (p1)		
252	1946-10-31	252	no	Pubblicazioni: almanacco malcantonese (p2); donne nella poesia (p4 sotto immagine)			
253	1946-11-02	253	no	Silvio d'Amico (critico teatrale) nel Ticino (p2)			
254	1946-11-04	254	no	"critica sulla dizione dei ""Sepolcri"" di Lesse Di Luca alla RSI (p2); il giornalista svizzero Jon Kimche nominato redattore della Tribune inglese (p3); omaggio al ""dr"" Varesi (fondatore LS, p3); conferenza ""Pirandello drammaturgo"" a Bellinzona (p3)"	due NO alle votazioni (fra cui suffragio femminile	 p1)	
255	1946-11-05	255	no	lista libri entrati in biblioteca cantonale (p2)	Giornata elettorale USA (p1)		
256	1946-11-06	256	no	"""novità librarie"" (p2)"	"""De Gaulle dichiara guerra alla IV Repubblica"" (p1)"		
257	1946-11-07	257	no	"Pubblicazione ""Lettere inedite"" di Emilio Motta (p2)"			
258	1946-11-08	258	si	esposizione artistica fra cui ticinese Remo Rossi (p4)			
259	1946-11-09	259	no	"Mark Twain in ""cultura e varietà"" (p3)"	Egidio Reale ambasciatore a Berna (p1)		
260	1946-11-11	260	no	morte dell'artista Hans Landorf svizzero (p2); esposizione pittore Alexandre Cingria a Ginevra (p2)	questione triestina	 dialogo Tito-Togliatti (p1)	
261	1946-11-12	261	no				
262	1946-11-13	262	no	case editrici di Lipsia pronte a sgomberare in Russia (p4)	"""Come ha visto la Svizzera Egidio Reale"" (p2)"		
263	1946-11-14	263	no	libri per la Germania (p2); corsi per interpreti dialettali alla RSI (p3)			
264	1946-11-15	264	si	premio nobel a Herman Hesse (p4)			
265	1946-11-16	265	no				
266	1946-11-18	266	no	morte dello scrittore Lucien Daudet (p4)			
267	1946-11-19	267	no	giornalismo e libertà di stampa (inglese?) in Quel che scrivono gli altri (p2); Parigi canta (p3)			
268	1946-11-20	268	no	"libertà e proprietà di stampa in Quel che scrivono gli altri (p2); successi della ""Compagnia drammatica"" a Ligornetto (p3), conferenza sul pittore Salvatore Quattrocchi (p3)"			
269	1946-11-21	269	no	Bibliografia: manuale di geografia economia svizzera (p2); commemorazione Brunelleschi a Locarno e Lugano con confe Papini (p3); Giovanni Galbiati gioioso per mostra d'arte Ambrosiana (p4)			
270	1946-11-22	270	si	orchestra dell'Augusteo di Roma a Lugano (p3)			
271	1946-11-23	271	no				
272	1946-11-25	272	no	orchestra Augusteo (p3)	"""Terrore in Palestina"" (p1)"		
273	1946-11-26	273	no	incisione di dischi (trio di Gandria	 p2)		
274	1946-11-27	274	no	Jacques de Lacretelle a Lugano conferenza (p3)			
275	1946-11-28	275	no	dizioni poesie Giovanni Barrella ai circoli di cultura (p3)			
276	1946-11-29	276	si	furti di quadri Rembrandt a NY (p4)			
277	1946-11-30	277	no	scrittore USA Upton Sinclair sul socialismo (p1); premio Vendemmia a Vitalino Brancati (3)	approvata convenzione fra CH-ONU (per sede a GVA p1)		
278	1946-12-02	278	no	"Aldo Capitini alla Ghilda del Libro (p3), premio letterario ""Fémina"" a Michel Robida (p4)"			
279	1946-12-03	279	no	Giovanni Barrella a Chiasso (p3)	 Conferenza Aldo Capitini (p3)		
280	1946-12-04	280	no	"""L'edizione svizzera si impone all'estero"" (p2); conferenza Capitini (p3), "			
281	1946-12-05	281	no	conferenza De Lacretelle a Lugano (p3)	 conferenza Aldo Capitini (p3)	 morte di E. Favre (p4)	
282	1946-12-06	282	si	Giovanni Rajberti in Quel che scrivono gli altri (p2); Conferenza Capitini (p3)	 concerto quartetto Poltronieri (p3)	 riconoscimento al violoncellista Pablo Casals (p4)	
283	1946-12-07	283	no	concerto Poltronieri al Kursaal (p2)	 Eduard Herriot eletto accademico francese (p3)	votazioni in corso  (diritto del lavoro e revisione x consigli comunali)	
284	1946-12-09	284	no	Roma città aperta (p2)	 concerto Peltronieri (p2)	 Barrella al circolo ticinese di cultura (p3)	
285	1946-12-10	285	no	"poesia ""Gabbiani"" di Carla (p2); sul pittore Mario Ribola (p4)"			
286	1946-12-11	286	no	Ruggero Ruggeri a Lugano (p3)			
287	1946-12-12	287	no	premio Nobel a Hesse (p1); dizione Ruggero Ruggeri pro bimbi italiani (p3)			
288	1946-12-13	288	si	"""Arte libera o arte sociale?"" (di Giuseppe Dessì, p1), 10° dalla morte di Pirandello (p3), mostra di pittura italiana (p3), pubblicazione storica ticinese su restauro monumenti artistici (p3)"			
289	1946-12-14	289	no	serata dizioni Ruggero Ruggeri (p2)	 opere di lingua italiana e fondazione Schiller (distribuzione volumi	 p7)	trattato di pace con IT verrà firmato 10 febbraio (p1)
290	1946-12-16	290	no	lezioni di storia dell'arte (p2)			
291	1946-12-17	291	no	"""tra musica leggera e quella classica la nostra Civica si dibatte"" (p3-4)"			
292	1946-12-18	292	no	libri in vendita alla ghilda del libro (p4)	nuovo governo FR composto solo da socialisti (p1)		
293	1946-12-19	293	no	"""Fiaba"" in Flussi e Riflussi (p2), Fusione di 2 giornali parigini (p4)"			
294	1946-12-20	294	si	"""amicizia con i libri"" (p3)"			
295	1946-12-21	295	no	"p4 Programma del partito 47-51 (fra cui punti su cultura in ""Educazione""), libri in vendita alla Ghilda (7)"	"""i giganti dell'aria"" (aerei p1)"		
296	1946-12-23	296	no	Pubblicazioni Illusté di Natale (p3)	 libri in vendita alla Ghilda (3)	 morta la scrittrice antifascista Flavia Steno (p4)	
297	1946-12-24	297	no	"""Giannini scrittore qualunque"" (lettera da Roma, Gino di Lorenzo p1), ""Avanti"" ha 50 anni (p1); Ricordi di Parigi (sorta di racconto) di Alfredo Talamini (p3), Salvaneschi e Fraccaroli al Liceo di Lugano (p3), Borlenghi al Circolo di cultura (p5), prossima la pubblicazione del rapporto sulla censura in CH durante la guerra (p6)"			
298	1946-12-27	298	no	opere entrate in biblio cantonale (p2)	 libri in vendita alla Ghilda (p3)		
299	1946-12-28	299	no				
300	1946-12-30	300	no	Premio letterario 'Libera Stampa'(1)			
301	1946-12-31	301	no				
